{
  "groupA": [
    {
      "basename": "01 Body Stars (Original Mix).mp3",
      "path": "/Users/chad/Music/Music/Media.localized/Music/Tim Green/Body Stars/01 Body Stars (Original Mix).mp3",
      "truthMs": 24,
      "periodMs": 487.8048780487805,
      "bpm": 123,
      "analyzerBar1Ms": 2.494331065759637,
      "analyzerStatus": "FAIL",
      "A": {
        "fk": 489.8639455782313,
        "N": 1,
        "anchorMs": 2.059067529450842
      },
      "B30": {
        "fk": 493,
        "N": 1,
        "anchorMs": 5.195121951219517
      },
      "B50": {
        "fk": 1727,
        "N": 3,
        "anchorMs": 263.5853658536587
      }
    },
    {
      "basename": "01 Scarlet Sails (Extended).mp3",
      "path": "/Users/chad/Music/Music/Media.localized/Music/PROFF, M.O.S_/Tolika/01 Scarlet Sails (Extended).mp3",
      "truthMs": 25,
      "periodMs": 487.8048780487805,
      "bpm": 123,
      "analyzerBar1Ms": 0,
      "analyzerStatus": "FAIL",
      "A": {
        "fk": 978.8662131519275,
        "N": 2,
        "anchorMs": 3.2564570543665017
      },
      "B30": {
        "fk": 7587,
        "N": 15,
        "anchorMs": 269.92682926828945
      },
      "B50": {
        "fk": 7587,
        "N": 15,
        "anchorMs": 269.92682926828945
      }
    },
    {
      "basename": "10 Aurora (Original Mix).mp3",
      "path": "/Users/chad/Music/Music/Media.localized/Music/TEELCO/Augmented 015 _ Maze 28/10 Aurora (Original Mix).mp3",
      "truthMs": 24,
      "periodMs": 491.8032786885246,
      "bpm": 122,
      "analyzerBar1Ms": 0,
      "analyzerStatus": "FAIL",
      "A": {
        "fk": 492.562358276644,
        "N": 1,
        "anchorMs": 0.7590795881193824
      },
      "B30": {
        "fk": 389,
        "N": 0,
        "anchorMs": 389
      },
      "B50": {
        "fk": 389,
        "N": 0,
        "anchorMs": 389
      }
    },
    {
      "basename": "04 Coaster  (Durante Remix).mp3",
      "path": "/Users/chad/Music/Music/Media.localized/Music/Ilias Katelanos, Plecta, Anonimat/Coaster EP/04 Coaster  (Durante Remix).mp3",
      "truthMs": 25,
      "periodMs": 483.8709677419355,
      "bpm": 124,
      "analyzerBar1Ms": 4.69054174957965,
      "analyzerStatus": "FAIL",
      "A": {
        "fk": 974.5351473922904,
        "N": 2,
        "anchorMs": 6.7932119084193054
      },
      "B30": {
        "fk": 491,
        "N": 1,
        "anchorMs": 7.129032258064494
      },
      "B50": {
        "fk": 491,
        "N": 1,
        "anchorMs": 7.129032258064494
      }
    },
    {
      "basename": "07 Leave the World Behind (Original Mix).mp3",
      "path": "/Users/chad/Music/Music/Media.localized/Music/Maze 28/Leave the World Behind/07 Leave the World Behind (Original Mix).mp3",
      "truthMs": 24,
      "periodMs": 491.8032786885246,
      "bpm": 122,
      "analyzerBar1Ms": 1.232521399190943,
      "analyzerStatus": "FAIL",
      "A": {
        "fk": 495.98639455782313,
        "N": 1,
        "anchorMs": 4.183115869298537
      },
      "B30": {
        "fk": 511,
        "N": 1,
        "anchorMs": 19.19672131147543
      },
      "B50": {
        "fk": 511,
        "N": 1,
        "anchorMs": 19.19672131147543
      }
    },
    {
      "basename": "02 Serenità (Original Mix).mp3",
      "path": "/Users/chad/Music/Music/Media.localized/Music/Deividas Bagdanov/Serenità/02 Serenità (Original Mix).mp3",
      "truthMs": 82,
      "periodMs": 500,
      "bpm": 120,
      "analyzerBar1Ms": 54.87528344671201,
      "analyzerStatus": "FAIL",
      "A": {
        "fk": 557.5510204081633,
        "N": 1,
        "anchorMs": 57.55102040816329
      },
      "B30": {
        "fk": 558,
        "N": 1,
        "anchorMs": 58.00000000000005
      },
      "B50": {
        "fk": 558,
        "N": 1,
        "anchorMs": 58.00000000000005
      }
    },
    {
      "basename": "08 Fly Fox (Original Mix).mp3",
      "path": "/Users/chad/Music/Music/Media.localized/Music/Kyotto, STEREO MUNK/Hoom Side of the Sun, Vol. 07/08 Fly Fox (Original Mix).mp3",
      "truthMs": 33,
      "periodMs": 500,
      "bpm": 120,
      "analyzerBar1Ms": 9.800507418370916,
      "analyzerStatus": "FAIL",
      "A": {
        "fk": 14.512471655328799,
        "N": 0,
        "anchorMs": 14.512471655328799
      },
      "B30": {
        "fk": 4026,
        "N": 8,
        "anchorMs": 25.9999999999998
      },
      "B50": {
        "fk": 4026,
        "N": 8,
        "anchorMs": 25.9999999999998
      }
    },
    {
      "basename": "04 Great Attractor (Ruben Karapetyan Remix).mp3",
      "path": "/Users/chad/Music/Music/Media.localized/Music/Maze 28/Great Attractor _ Quantum Touch/04 Great Attractor (Ruben Karapetyan Remix).mp3",
      "truthMs": 32,
      "periodMs": 482.7667675217101,
      "bpm": 124,
      "analyzerBar1Ms": 8.974353927288748,
      "analyzerStatus": "FAIL",
      "A": {
        "fk": 977.1428571428571,
        "N": 2,
        "anchorMs": 11.60932209943688
      },
      "B30": {
        "fk": 266,
        "N": 0,
        "anchorMs": 266
      },
      "B50": {
        "fk": 1847,
        "N": 3,
        "anchorMs": 398.6996974348698
      }
    },
    {
      "basename": "01 Astronauts Nightmares (DJ Ruby Extended Remix).mp3",
      "path": "/Users/chad/Music/Music/Media.localized/Music/Kamilo Sanclemente/Astronauts Nightmares _ Destination (Remixes)/01 Astronauts Nightmares (DJ Ruby Extended Remix).mp3",
      "truthMs": 207,
      "periodMs": 487.8048780487805,
      "bpm": 123,
      "analyzerBar1Ms": 184.023398403211,
      "analyzerStatus": "FAIL",
      "A": {
        "fk": 672.4716553287982,
        "N": 1,
        "anchorMs": 184.66677728001767
      },
      "B30": {
        "fk": 201,
        "N": 0,
        "anchorMs": 201
      },
      "B50": {
        "fk": 201,
        "N": 0,
        "anchorMs": 201
      }
    },
    {
      "basename": "06 Finding Estrella (Analog Jungs Remix).mp3",
      "path": "/Users/chad/Music/Music/Media.localized/Music/Kyotto/Harmonic Creations Vol. 12/06 Finding Estrella (Analog Jungs Remix).mp3",
      "truthMs": 225,
      "periodMs": 491.8032786885246,
      "bpm": 122,
      "analyzerBar1Ms": 203.2426303854875,
      "analyzerStatus": "FAIL",
      "A": {
        "fk": 707.7324263038549,
        "N": 1,
        "anchorMs": 215.92914761533032
      },
      "B30": {
        "fk": 212,
        "N": 0,
        "anchorMs": 212
      },
      "B50": {
        "fk": 212,
        "N": 0,
        "anchorMs": 212
      }
    },
    {
      "basename": "04 Swans (Dave DK Extended Remix).mp3",
      "path": "/Users/chad/Music/Music/Media.localized/Music/SØNIN/Lost In Paradise Vol. 2/04 Swans (Dave DK Extended Remix).mp3",
      "truthMs": 116,
      "periodMs": 495.86776859504135,
      "bpm": 121,
      "analyzerBar1Ms": 94.47001858387465,
      "analyzerStatus": "FAIL",
      "A": {
        "fk": 110.15873015873017,
        "N": 0,
        "anchorMs": 110.15873015873017
      },
      "B30": {
        "fk": 156,
        "N": 0,
        "anchorMs": 156
      },
      "B50": {
        "fk": 156,
        "N": 0,
        "anchorMs": 156
      }
    },
    {
      "basename": "03 Sparky (Original Mix).mp3",
      "path": "/Users/chad/Music/Music/Media.localized/Music/Tamir Regev/Every Single Night _ Space Hunter _ Sparky/03 Sparky (Original Mix).mp3",
      "truthMs": 192,
      "periodMs": 487.8048780487805,
      "bpm": 123,
      "analyzerBar1Ms": 171.29734205415966,
      "analyzerStatus": "FAIL",
      "A": {
        "fk": 662.7210884353741,
        "N": 1,
        "anchorMs": 174.91621038659366
      },
      "B30": {
        "fk": 193,
        "N": 0,
        "anchorMs": 193
      },
      "B50": {
        "fk": 193,
        "N": 0,
        "anchorMs": 193
      }
    },
    {
      "basename": "02 Track II (Original Mix).mp3",
      "path": "/Users/chad/Music/Music/Media.localized/Music/Braxton/No Horizons _ Track II/02 Track II (Original Mix).mp3",
      "truthMs": 267,